"transaction_id","project_id","transaction_isodate","transaction_year","transaction_value_code","transaction_currency","transaction_value"
"kJJdg2Tk5HKa9v9atcgn27","COL1","","2012","C","USD","1434153.58881"
"S7WBPzUSZyhGumoJPd8d4d","COL2","","2012","C","USD","195877.821449"
"YbbWWrzAhACydB5hhtZ6YU","COL3","","2012","C","USD","98268.8102135"
"MzXorsdWwtAurekUkq8sKf","COL4","","2012","C","USD","110073.517217"
"hdBA2vyKfvoRjpApJQVRpj","COL5","","2010","C","USD","3038419.81253"
"Q4jLt9dFi88APjhozx7dYG","COL6","","2012","C","USD","25775.3612466"
"cEmsojob5owNCvMyScHCeV","COL7","","2012","C","USD","114875.714835"
"LDB6oXuptGQBEXinXcvsC8","COL8","","2011","C","USD","49763.5"
"hXHTtcKsDs4cvJ6YVAjegM","COL9","","2012","C","USD","490921.858269"
"DgD47CoZqjgbuj8o5wttya","COL10","","2011","C","USD","65000.0"
"DTSvDixrdnXrmp59bMdLLA","COL11","","2010","C","USD","590832.22237"
"bV8sfCBHvH2hjUAe5bwttC","COL12","","2011","C","USD","272709.0"
"NGVvFKGnQrLdZN8wQUtUW7","COL13","","2011","C","USD","8320.0"
"8KGSS6bV3AJHQksb5GgWXB","COL14","","2012","C","USD","89162.2097426"
"Bv3VYvCoKcykixwJpzQKiJ","COL15","","1994","C","USD","8594522.45473"
"ydKpZZKGBQeiYAodcoQEDm","COL16","","2010","C","USD","27971391.5055"
"vQwC8KnC7mS5sL5S8zzd7F","COL17","","2012","C","USD","246344.588479"
"rNDKc9YhuDiEkPwXzXFqD9","COL18","","2011","C","USD","792536.33"
"xzmV9CMEhAdJree6JmoLMo","COL19","","2011","C","USD","6591667.0"
"USn9B5QCD2QLQbHJkusmdG","COL20","","2012","C","USD","1262332.9021"
"59NRGqRgq9epXgKRVpVBgJ","COL21","","2012","C","USD","736382.787404"
"U7Zagka34J2ocyczLb3GcJ","COL22","","2012","C","USD","69492.7185635"
"mCEiHM5yrCu73MbNyPFdhH","COL23","","2012","C","USD","2945531.14962"
"aRRAPbBE8WDgbWoJVZFZVB","COL24","","2010","C","USD","437008.517084"
"MRBLnwTtfH2SzfNRcSagTS","COL25","","2011","C","USD","371912.0"
"PirU4E7cXf3ownaPxgvUP4","COL26","","2012","C","USD","158399.864945"
"U9AxNpfwQGb2Q7nX8CksVA","COL27","","2011","C","USD","200892.0"
"c8SxsVh5DZv9RZ4kBxXCyf","COL28","","2011","C","USD","260000.0"
"UBcrp86kMoKwHiifjRyfcc","COL29","","2011","C","USD","260000.0"
"2SjqZZHXXa9rfVVKaZgPkT","COL30","","2012","C","USD","165931.588095"
"vKa2doB4CF449HaVpPDbT3","COL31","","2011","C","USD","455000.0"
"3FCdzxEwq8XwvGdygCJXAC","COL32","","2013","C","USD","241701.83876"
"DS2pGcH8T62qxL4QQJJrgR","COL33","","2011","C","USD","111830.0"
"BYPAvJ8MtYYm4AvLkJ3WKc","COL34","","2012","C","USD","110236.503274"
"Xc5CrT78NEzYhepkEiwQDN","COL35","","2005","C","USD","2801539.03358"
"YVzRmuwUSKh2hoYdm6rmA5","COL36","","2010","C","USD","1724005.52954"
"HxVLj6mHhEmRCZkyBUrQHX","COL37","","2011","C","USD","650000.0"
"Me9tKpDqXhPz9ruALFGzi6","COL38","","2011","C","USD","3000000.0"
"dBJwpbyaQgVMt5qNR5M4kc","COL39","","2010","C","USD","2162690.02878"
"YkxErRt5AcYsfMyGxgfVNA","COL40","","2012","C","USD","901023.251012"
"VroQkHQnxpYGTPUBwBz5hH","COL41","","2011","C","USD","161857.14"
"7F3XTYHimwc4SkJF5QhfwL","COL42","","2011","C","USD","1112755.0"
"YYiXejfpKgrnkFhjDidUPL","COL43","","2012","C","USD","2319893.46053"
"2MAnY2gnQYPbrxi8xXWHSA","COL44","","2011","C","USD","1666666.67"
"m5B6kdRmniraZFNHb7BEZo","COL45","","2011","C","USD","260000.0"
"gYL4yE4gJsLForqMx9PhKA","COL46","","2012","C","USD","205499.889871"
"9nzaXhVdsXK7aFiKgRFYik","COL47","","2011","C","USD","109044.0"
"XoADsXRXznsKdUhfV3LadL","COL48","","2011","C","USD","797860.67"
"zqowCgXxJYdQKN4tbaciVZ","COL49","","2011","C","USD","688160.0"
"vVE8Ry3vjChQZTUicvKnoj","COL50","","2012","C","USD","10977012.7509"
"djum4CkqWbCuHrqQfJ3NjF","COL51","","2010","C","USD","459615.381807"
"cPX4cYWC3vCc6BkseqRGph","COL52","","2011","C","USD","325000.0"
"2NJdQVeHpC392vcM82RSJM","COL53","","2013","C","USD","221770.733287"
"krYVcJnRV5gJBpEVmuVZXj","COL54","","2011","C","USD","4025440.0"
"HwhFrrPvd2SVZACPEJVoAK","COL55","","2011","C","USD","1433333.33"
"MG5YE4xkD9zwMoaT3uw7Dj","COL56","","2011","C","USD","186000.0"
"Cn4d7aHd3kYtm2nqnMNQVa","COL57","","2012","C","USD","2470220.60644"
"cu4LqJwwYxGXRdL85fgYo3","COL58","","2010","C","USD","377735.329776"
"RjUgzjWeHHaDu73ufNatHi","COL59","","2012","C","USD","25527.93663"
"tsjaDy9To7mW9vdoohmCW8","COL60","","2010","C","USD","132375.831757"
"ydHsZrq84Ggqi3J7n5Uxak","COL61","","2012","C","USD","65989.7161885"
"vyU5Q6Ch5UJeaEVbU5gvFk","COL62","","2012","C","USD","25282.4757009"
"NvdtZnquxmRCnfaRfhXN26","COL63","","2010","C","USD","967978.2519"
"XEpszQzmpyiBHENQDdWtLZ","COL64","","2010","C","USD","1072383.46325"
"kQXZ4oGTBeSywwxUEGJQg6","COL65","","2011","C","USD","8600000.0"
"5q7G6hwbckFRKFvhKVkzsb","COL66","","2013","C","USD","7746853.80642"
"zgbFUyFcmwbzJuYAWtQ4dc","COL67","","2011","C","USD","7800000.0"
"Y2srevRk9HqxyBXPQkB3nn","COL68","","2013","C","USD","11010861.5435"
"wBEgkjsfoVyFWeNoi8QRy6","COL69","","2011","C","USD","11245.0"
"7gENLUwF9YLVP9FyDGsdNA","COL70","","2012","C","USD","158273.207106"
"KFmHbXsh5VbK9FtWJs6WVH","COL71","","2011","C","USD","67305.5"
"FTkTzMKTe6LnkXuzU9oYjQ","COL72","","2012","C","USD","284312.877736"
"qh39P9n6LE5y2beXoZ4QHW","COL73","","2011","C","USD","17914050.0"
"8hzt2Z9Ke7YXMy9Jp8v72n","COL74","","2011","C","USD","19158996.83"
"WdayA4EfXJG8qArKC9rqjE","COL75","","2010","C","USD","30493223.7774"
"6BvgLgjQuumMnVdJts8q3Q","COL76","","2006","C","USD","6475854.17474"
"KvhEbWmemVEE645tEDriBZ","COL77","","2012","C","USD","6136523.22837"
"xufoan5zK6ZLd6a7DZvAGA","COL78","","2009","C","USD","896969.436974"
"c9BF87dFuzxKZKMwiGVCG5","COL79","","2011","C","USD","390000.0"
"CPivTD4zFhW5VLmSNEJ735","COL80","","2011","C","USD","118807.0"
"Hn8k9MBf6FazTinNHoKsJP","COL81","","2013","C","USD","128964.4576"
"2oGZq2uioFXmK9RtSgisbj","COL82","","2010","C","USD","269819.706909"
"8dx7CMkcMhMHVQ2r2Y2mfJ","COL83","","2009","C","USD","5954591.95739"
"F6Jx6QTWjDxoGJs5MBYdvb","COL84","","2010","C","USD","8952093.74037"
"r4nZ9Hufw8JTA9Uph5MX6n","COL85","","2011","C","USD","774894.0"
"BomKMA4HsSLwf8gDRLR9z8","COL86","","2011","C","USD","1157784.0"
"VBGjASmWovusujmaH8LVc3","COL87","","2011","C","USD","296283.0"
"GnGnKZz7BNrLKnhR4DugM8","COL88","","2012","C","USD","974010.763737"
"FR7jJKhBf4d2RK85QAQa8J","COL89","","2012","C","USD","1301924.76813"
"ien8hDqtgk2dni2sZpx4Y5","COL90","","2009","C","USD","34981807.9074"
"4tMYFa5ULbJda527GQM9Tj","COL91","","2011","C","USD","1977222.0"
"zLLrRAnFeojDARydPwv3oU","COL92","","2010","C","USD","76822.7426836"
"NHRCmamz8aMoim45xQHheG","COL93","","2011","C","USD","7904000.0"
"hsqMKjKeXq7Zcvnr3JqDH5","COL94","","2010","C","USD","11152788.0178"
"3nYtgouVwn8x4QvuNhGx5e","COL95","","2012","C","USD","429065.704127"
"2CaKJFMSpHqCNGoG6HZ9hh","COL96","","2013","C","USD","779627.87337"
"RU3ZUsjs4SJt9j9PA9SFAQ","COL97","","2011","C","USD","8355886.25"
"VcRnRBScfqxAPRKgGb63fE","COL98","","2012","C","USD","110118.682028"
"KLkBy4Wgrp4WaEAuVxq3DD","COL99","","2013","C","USD","160625.33265"
"ctteNJEvt9sAWCBoAkzxrR","COL100","","2010","C","USD","3879223.59887"
"mQZubV9xvVMzFEjFs388UD","COL101","","2012","C","USD","487649.049154"
"TuaDoxBd7tmQ2AdpzKGFcg","COL102","","2010","C","USD","439856.971826"
"VzVTcVpSuFi8iS3ZWDaEci","COL103","","2010","C","USD","439856.971826"
"SW7k4kpBrut6w8EuEJdb","COL104","","2012","C","USD","638198.41575"
"S5ScKnWokRL9fFUEGDJWD6","COL105","","2012","C","USD","8635973.32225"
"3hJpPVfdNiiWYeyxXLtA8A","COL106","","2010","C","USD","6358216.70474"
"8ZYQrQjGd9m3XWLzv3hsYL","COL107","","2012","C","USD","37964.9509874"
"PAUCigGswf4ZV6KsSQfPB","COL108","","2011","C","USD","506044.0"
"HjzXipQsvBopoxnJ8ydNMQ","COL109","","2011","C","USD","7036536.0"
"DwMaNSYmH8pPbC6zEait9D","COL110","","2011","C","USD","3185053.0"
"xxxr4zG6ZTEUBPA6MpSkZe","COL111","","2011","C","USD","1957037.0"
"SNar6sTMUnbdtQWDN92DsX","COL112","","2012","C","USD","63819.841575"
"HtkcVMVCYDd2pf34uRoJec","COL113","","2012","C","USD","17619710.7797"
"oDbjpfaTQ6YsqHHyeDuXtK","COL114","","2011","C","USD","4093333.33"
"ezEHXZ4kufZFYxHR2Tay3R","COL115","","2013","C","USD","3268056.75936"
"DqvZyc8dCAiDNE9y7PzeNT","COL116","","2011","C","USD","399940.67"
"ZNTTMHpwTwiW9bnC7efvjS","COL117","","2010","C","USD","1021317.58404"
"sL8QTosf9jj6RNbKqPAB99","COL118","","2012","C","USD","127639.68315"
"eR2Ar39CFBUxdj5wSSWRTn","COL119","","2011","C","USD","130000.0"
"7GztTBCEzXkQPh7qWGJ9hN","COL120","","2011","C","USD","65000.0"
"x7fjaKvSNKZbQsEVKXQwWD","COL121","","2012","C","USD","255279.3663"
"UrgY2qqRHvLmhSJGwSK4kH","COL122","","2012","C","USD","110281.668085"
"KN8eC9e3QySJ8XREK9PRr9","COL123","","2012","C","USD","191459.524725"
"XQfsWMzm9xV83kVNaAag8F","COL124","","2012","C","USD","135075.185615"
"Q9YFqE2YnSRKKAD4jFxAnB","COL125","","2012","C","USD","21711.5101038"
"DQm2ahvShehvmNsYqWHToF","COL126","","2012","C","USD","191459.524725"
"GCQApyTYZPFXCv6TMTqDBX","COL127","","2012","C","USD","93815.1671152"
"HU4dGwVQV6CwsQsdGhH7vS","COL128","","2012","C","USD","191459.524725"
"DHntt7anZ48a5834bTnSNf","COL129","","2012","C","USD","152683.570828"
"g9SMNeLFpLhhnq3L6Xt5rg","COL130","","2012","C","USD","82965.7940475"
"R8nH634ZX6wPmW2gUAxEse","COL131","","2012","C","USD","63819.841575"
"4Cxj8HrFLhBMoRbnCAhXfb","COL132","","2012","C","USD","286343.261812"
"7AeTymqgdEo5PtqtyaURC5","COL133","","2012","C","USD","75724.696638"
"xTo9KqMon4y8RL4eB6ikZ8","COL134","","2012","C","USD","33053.9356307"
"LXEbNtiyqdJKWDPATwJ5n9","COL135","","2011","C","USD","501244.0"
"x4vXZA5Wrk9Y5XSQBkkgGG","COL136","","2011","C","USD","209729.0"
"oB73zYNE85NKBhyojdPjCR","COL137","","2011","C","USD","84500.0"
"3mirhuGt8rtYq76k5NNxD3","COL138","","2012","C","USD","382919.04945"
"JPm73cuTunfk3B7yFVTRBX","COL139","","2012","C","USD","382919.04945"
"UzJdAqqqbMV29FK3qP3SkK","COL140","","2010","C","USD","332596.156514"
"4qPCiPCxoNnchYyTiNXrU7","COL141","","2012","C","USD","111745.597067"
"5cR4Tuo6Vzjy6qLxkizmCR","COL142","","2012","C","USD","191459.524725"
"JoxEcoXB5Fpp9mk6k8yqma","COL143","","2009","C","USD","484231.018617"
"rBjE6SGbzr4rEghuXKYunc","COL144","","2012","C","USD","99211.3801813"
"HderxbGyB6Sq6riQMyynVY","COL145","","2011","C","USD","104967.0"
"xEhEimPXmPAGfEKdfzXXq5","COL146","","2012","C","USD","110277.74071"
"ajpvnk8KYiYd9mEHYKdMGX","COL147","","2012","C","USD","87477.365925"
"BnNQkBxCxkxvAatKyf8zS5","COL148","","2012","C","USD","87784.6830083"
"Yex8U43n7Bqrcu6PRAmTtC","COL149","","2010","C","USD","2655425.71852"
"67PLFv3mYrcZBMMxKcvLv3","COL150","","2007","C","USD","6551055.32804"
"ZJTwWRP6pK9mLaABgms39U","COL151","","2012","C","USD","100247.225302"
"vPxhDQQbD3zSypGdZYysBW","COL152","","2004","C","USD","16897879.2385"
"tBAnKLkkHESuQVhXCSxAY8","COL153","","2012","C","USD","88050.7626555"
"HjxWxGfYYhrFV6RA9ATLbC","COL154","","2010","C","USD","145797.170393"
"sWgkt8GCGCZKfiRhT7JAfg","COL155","","2011","C","USD","177481.0"
"tunkHYHrTd3bwcHFCuSsM","COL156","","2011","C","USD","650000.0"
"zL5zxogumdiydP4Xbrgg2n","COL157","","2012","C","USD","638198.41575"
"hM6W2xsPsNjcr2GfSXQvpU","COL158","","2011","C","USD","258648.0"
"jTemgj5ZLHB6GzYVx6ipnM","COL159","","2012","C","USD","82318.7590383"
"3EpZwERL2LJWDEDRuiwRN","COL160","","2012","C","USD","127452.151"
"wQYPJDZqa3KqytnQ3XVEVP","COL161","","2012","C","USD","51055.87326"
"yqzehpUqCrUeCmR7WRRAPm","COL162","","2012","C","USD","157631.081315"
"pzQADbB8xzFxCjquB5h6jA","COL163","","2012","C","USD","102111.74652"
"GcmEJx8grm7LegnUomEui4","COL164","","2013","C","USD","132795.535036"
"mvnk5aUnnP36F56WEabGx","COL165","","2012","C","USD","344627.144505"
"M2Sq5b3Au5DrEGDTrdHUiW","COL166","","2011","C","USD","845000.0"
"EvF7SjwtSV6pKBBmJE698H","COL167","","2013","C","USD","234987.898795"
"5f5XWxoAsNfWN7oXkrjKQ9","COL168","","2011","C","USD","79963.17"
"TzbrSZgQxdWfVJYDM4nZwi","COL169","","2009","C","USD","1599490.9526"
"aXyYdtW6r65J8t6eS3QEsL","COL170","","2010","C","USD","10213175.8404"
"UxxV6rtan3JNsK2w3jAzDP","COL171","","2010","C","USD","749116.021545"
"viec2LAsf9t3KBss8g2fwT","COL172","","2008","C","USD","20432890.1756"
"gjH7fkjboLug8uGwgG9uVd","COL173","","2012","C","USD","556378.109311"
"zjsXBMQLvDxVHeBjb5CkQe","COL174","","2011","C","USD","195000.0"
"zmYNLDxuaXYPLmggFtLZr","COL175","","2012","C","USD","191459.524725"
"MVUcQifSBXV6UqKgpfjeVJ","COL176","","2012","C","USD","44673.8891025"
"wNpYZRE9VecXASwKnZiQhT","COL177","","2012","C","USD","102111.74652"
"ZSnbJpuiVYdzbVBBRdtDPn","COL178","","2012","C","USD","100965.934903"
"AcNWDJjwD5vMsiNx9CbXah","COL179","","2012","C","USD","108420.092399"
"xtEYFRSYmtqkZmwxa8cEKa","COL180","","2011","C","USD","1719292.4"
"NSvWmCACDBdENXjnZbWMDF","COL181","","2012","C","USD","492649.90321"
"4grXWXvr539z4nzjg9Mn4M","COL182","","2013","C","USD","134278.799311"
"ubhYaAS2ajHNxRt3nyFKG5","COL183","","2013","C","USD","134144.520512"
"2rNYSa6nkQPneaHmBybd7N","COL184","","2012","C","USD","4418296.72442"
"C3SHCDX3ux9DLqZteNmiCC","COL185","","2012","C","USD","241995.020815"
"43tHibrTgASXxL6zBZ8cUa","COL186","","2012","C","USD","425051.269179"
"4xwyvdeUrkomSQTP3HqTm","COL187","","2009","C","USD","181636.310289"
"ndNgv8qwEFkkBYVEF4n6zd","COL188","","2012","C","USD","55026.9401715"
"DdFX5ijFAp2vxohvVBhUR4","COL189","","2010","C","USD","172439.26089"
"B7YivLuHVzAAftsr9WfyDB","COL190","","2011","C","USD","277342.5"
"FvcBBJLtduSQCfE5EB4s2B","COL191","","2013","C","USD","516456.920428"
"G3MLgAysez3baj92DTpLRZ","COL192","","2009","C","USD","46573.4128945"
"dZ94CenyHTagR53H26r9qF","COL193","","2009","C","USD","7762114.39155"
"uuU5ATgHsWEvh7ousWoMmc","COL194","","2010","C","USD","316593.13129"
"d9uKjpYGT7k5bJeP7L62RZ","COL195","","2011","C","USD","650000.0"
"T5z8Hyi5G5GvzioGeaMmFR","COL196","","2010","C","USD","1259999.50344"
"hieZRaPoAzhHStZncKgagc","COL197","","2007","C","USD","955714.502771"
"f8xMeNuFVK5ErP6prxpGMe","COL198","","2011","C","USD","3979318.57"
"jr9uixB75m7TZR7bKSAVXW","COL199","","2009","C","USD","12005590.8795"
"FmJrzoRaw847GcVQvCT6sY","COL200","","2012","C","USD","245460.929135"
"MC94ACmGVz2ZrhbDX6LXSk","COL201","","2012","C","USD","362496.700146"
"AWLeWahNJqJhxCx5ZnRQD3","COL202","","2010","C","USD","1618150.04722"
"TWdj4vfxs2HUYXFqStb4em","COL203","","2012","C","USD","825889.624291"
"BoaPZZk5qiHicbJJtqnko","COL204","","2010","C","USD","1180473.58844"
"3Kreu9gcmxt9SG8MaH7ghe","COL205","","2011","C","USD","233793.0"
"vH8HyJ9KueMQZzBYZhen78","COL206","","2011","C","USD","5105640.0"
"EbzMiiEmg7HqMQXx3TDn63","COL207","","2011","C","USD","2730000.0"
"iqmtoXczCKXH8sNMgQKo6c","COL208","","2011","C","USD","55699.83"
"5LLSFeDPtL7M5bfsDNx4JE","COL209","","2011","C","USD","910000.0"
"7SJzkBksw3YxKFkt7Ni3eP","COL210","","2012","C","USD","319099.207875"
"j9svE69YqUZRPp8E3SfUT9","COL211","","2010","C","USD","242971.453244"
"woAwz7zzwG2CydaRvL77s5","COL212","","2012","C","USD","319099.207875"
"WBrfaz9RVSTRmmx4Er3NCG","COL213","","2010","C","USD","5529668.72941"
"e8hxyw4DVYUMSHZ2xRDGTC","COL214","","2010","C","USD","186390.459088"
"XfT5hZqdYqFuCWEZfqiL3","COL215","","2011","C","USD","4663722.5"
"ZJXdNuLjeHmQ9hnLkHhimS","COL216","","2011","C","USD","1170000.0"
"AwMzQFwetJPCcsJ5W5NCke","COL217","","2012","C","USD","76583.80989"
"HcuAcrEuYJCsCa6fkpeD8C","COL218","","2011","C","USD","60000.0"
"ZA3ikzitY6jTjaEykWKY5G","COL219","","2012","C","USD","638198.41575"
"RoLXzx6Qs4KFQXw3T9DBEC","COL220","","2011","C","USD","260000.0"
"JmdubZSHQxmh9JzkdSKLB","COL221","","2012","C","USD","1472765.57481"
"nLVqpgQLb9xwE6MMR5HEMh","COL222","","2012","C","USD","106068.576698"
"ZLLQZsN7KsB7eRnFFv6nAb","COL223","","2010","C","USD","3363099.73645"
"fLu9Am5DaD9usFjaVvnfNA","COL224","","2011","C","USD","4500000.0"
"wmPjoddiEsGLdBEwEuAh3H","COL225","","2009","C","USD","588636.19075"
"c6WLfGxucQjXvLJES9YwcQ","COL226","","2012","C","USD","128000.019794"
"RXUfBsyeFVrvJBTAMg44G7","COL227","","2012","C","USD","29331.5991879"
"ye2yJKKQtCfosaem7qHJKK","COL228","","2010","C","USD","19583776.9299"
"8465FNqXw6dim6YHLQtTTU","COL229","","2012","C","USD","268043.334615"
"8iYCFrnJjhCmbESeK85GZT","COL230","","2011","C","USD","1300000.0"
"pUiimotMgUunSA2oGEYio8","COL231","","2011","C","USD","520000.0"
"wJ8cinZCura9maRro96JKe","COL232","","2012","C","USD","2011090.84771"
"NcrmxdHeowxX8q8fppqrDo","COL233","","2011","C","USD","139412.75"
"Cukpmypi5eA2jsBKs2xdmF","COL234","","2011","C","USD","3900000.0"
"XpA8VCFBSM4VYaCX6DGqQK","COL235","","2010","C","USD","297733.736112"
"UmsbHKfHZnJiEU5XGdcXVW","COL236","","2011","C","USD","299000.0"
"7k5YuR4X7p2qh2fWKLnXtM","COL237","","2011","C","USD","226552.0"
"zsm2LTheQMotmgKGiU2MGe","COL238","","2011","C","USD","650000.0"
"SAcNM4ib4euSzQM7AdTCUj","COL239","","2012","C","USD","638198.41575"
"dvqjZ5J2R75PdyLdX2qRJe","COL240","","2013","C","USD","322269.118347"
"NXHR9eUFJNfEGygfqGdTw9","COL241","","2012","C","USD","414135.788574"
"7DyEMkDzNPsNdvzVDjW9k9","COL242","","2010","C","USD","142887.436596"
"hrKhYUaCcZwVHJLCLgHvmB","COL243","","2012","C","USD","319099.207875"
"PTsPG24ZcBZCXcmc3ccPpd","COL244","","2012","C","USD","2075205.2424"
"z7zkB6QpUZd22msbX4GtSM","COL245","","2012","C","USD","280415.15455"
"agQQbLKCa6TLiLP4qUxqS9","COL246","","2008","C","USD","2554111.27195"
"uaQEXg3FE264HMCt8bLbSh","COL247","","2011","C","USD","4200000.0"
"rKGtXs6XRrW7a5PKrBWQYJ","COL248","","2011","C","USD","97500.0"
"XiEcpWAZo4epGEyGfXfsA9","COL249","","2011","C","USD","130000.0"
"mZudpQA9JGK5wby6A8WLM8","COL250","","2011","C","USD","650000.0"
"WWnpp2BLtJ8xitKLH4RCyC","COL251","","2012","C","USD","638198.41575"
"M4y7W6BLoL8DzTFXeubsT8","COL252","","2012","C","USD","191459.524725"
"8LfheEPE2fPiw6YY7QG7gH","COL253","","2012","C","USD","126229.755573"
"Am3ZKQvqSTaYK2ATXpCbz4","COL254","","2013","C","USD","117105.573793"
"ZNa3h5kVWPjVysWTQuPyTS","COL255","","2009","C","USD","1855166.00058"
"HuqnjV8viZd4GBrvEQU9XN","COL256","","2012","C","USD","135055.548741"
"G4ZJ8jnsotFhXRQJ43SdwJ","COL257","","2012","C","USD","510558.7326"
"XhSDVMdFuUrdjucmrEuqmP","COL258","","2012","C","USD","187177.704277"
"CbjKSeEo5mUNSutsu4Abj7","COL259","","2012","C","USD","255279.3663"
"y2PsJmQMPHAwuUBgRrBkzD","COL260","","2012","C","USD","376537.065292"
"nUHeBEoMoVKjikX98E7AY7","COL261","","2012","C","USD","319099.207875"
"msQgRjENEVds3TLGnd7nzS","COL262","","2011","C","USD","338160.0"
"3sj9QYhS5dX7Mi4Qj9hNzH","COL263","","2013","C","USD","1305302.51691"
"U9MqewGe4q23WTBGptCjba","COL264","","2013","C","USD","930552.079227"
"nYP8ZbtN6bqUL2RJdJ9vYV","COL265","","2013","C","USD","664680.05659"
"vpiSkHRE2hwMtJLpDmKmCG","COL266","","2010","C","USD","115068.451207"
"RkeM2RWyFfeg8iojpvRHYJ","COL267","","2013","C","USD","80567.2795867"
"RBkXZ7La4rHmqkcBg7NYXa","COL268","","2012","C","USD","466794.030779"
"pcd42NFgBEKBoxXtkCzMNY","COL269","","2010","C","USD","73024.2072592"
"4dEGmf4JRUsy7tJYwiFGXY","COL270","","2010","C","USD","6893893.6923"
"nVe38VW3mVRzKrxj4MnHMb","COL271","","2011","C","USD","8000000.0"
"ks2nusNMGzxfioZ2obZNYE","COL272","","2012","C","USD","186062.329815"
"cWQTzhfuPwUJdfQjp2uyN4","COL273","","2011","C","USD","2388595.22"
"qny8VUMeTAMVCSARDpAm2A","COL274","","2012","C","USD","1423673.38898"
"K7FNmJJmWLZD9RKuHNGzaf","COL275","","2010","C","USD","829476.35301"
"z5pnu3Dcp4pLsDqDoCtviW","COL276","","2013","C","USD","177019.741132"
"Fx4VDvpeSnXfVS9bDZk5Kg","COL277","","2010","C","USD","197430.902172"
"C8Aqd7Kaqbt8eioPEPhpMK","COL278","","2012","C","USD","446738.891025"
"oVc3MBUuUbU343j75NZrQf","COL279","","2012","C","USD","638198.41575"
"k7EdLt4v3WfQmKi9vWU3zX","COL280","","2013","C","USD","568102.61247"
"YLCM5X8jhoTcPAvTHPVkdn","COL281","","2013","C","USD","335696.998278"
"vViuzGu3P2WucGMCabQzNN","COL282","","2009","C","USD","1759410.0287"
"HYRMpw9ut3fAeEF6pCVTFd","COL283","","2010","C","USD","2217811.5601"
"R5q5kqLm7gMgvAfK7Lj9bJ","COL284","","2012","C","USD","322893.051996"
"jCGbE5pKqAM9D8wZHN3NSJ","COL285","","2012","C","USD","497110.419215"
"W9QeWgc6zQFHBC8VYNVf49","COL286","","2012","C","USD","87934.9050969"
"jSwDvepkLMebz7zqbLW9YR","COL287","","2013","C","USD","46481.1228385"
"FbqHJvbKJWrpTrayvnFQ34","COL288","","2012","C","USD","146653.577643"
"QZtkqVhJHZyVKDbb7ZboV4","COL289","","2012","C","USD","210605.477197"
"PvkxSomvRksTyWU2oem4xa","COL290","","2012","C","USD","351009.128662"
"NdqoQbABiyDw5XAaqUBHvQ","COL291","","2012","C","USD","382919.04945"
"KQGBemsSUVPqU2p8GU9bPj","COL292","","2013","C","USD","479214.178982"
"9KLSuiRyJCVTnXNhkn3Hyd","COL293","","2013","C","USD","3385438.12115"
"cqReru8akakwn5nwHJtVSM","COL294","","2012","C","USD","204223.49304"
"epN9HSZiYg6SGXh7DfchbB","COL295","","2012","C","USD","194012.318388"
"X4gdMziCsDi4wSfYwYoKLF","COL296","","2012","C","USD","181248.350073"
"94QM8HvjB2rD9UyUFiDg2R","COL297","","2012","C","USD","120832.236655"
"ymT3ridoBypYmYtUZJJZv7","COL298","","2013","C","USD","721077.152301"
"CrUQBNbwx64WLsphjZyK8Q","COL299","","2013","C","USD","496784.043415"
"tiuZHPQFhWTvUxnoYXvWUi","COL300","","2012","C","USD","363773.096977"
"ZK8fZV9ArnFnjPvAYhLUYA","COL301","","2012","C","USD","421536.926509"
"RdYsYoSQXvxyzfyPPL9jLA","COL302","","2013","C","USD","371280.880095"
"JDtETo93e9cpJMXS9YDACM","COL303","","2013","C","USD","8942116.39666"
"oGswp86ovFFNfgVPfyPdob","COL304","","2013","C","USD","611484.993786"
"hs3nRyaCqosyimox2ziWHP","COL305","","2008","C","USD","104398.580501"
"5GVoeCkk3JCQAtwLuZbrNQ","COL306","","2012","C","USD","255279.3663"
"9BqCGB7btqgUFNamvsNXe7","COL307","","2012","C","USD","1599644.32908"
"3ZQH3t7FcGNfoBoA9c7noW","COL308","","2013","C","USD","4699757.97589"
"VUPvJjKik4pqg9yoML8uBU","COL309","","2013","C","USD","402836.397934"
"n99qLYD8cNMk93HDbCywwV","COL310","","2013","C","USD","120850.402923"
"YVKUF6uuviBNX6CbYMiTCg","COL311","","2012","C","USD","63564.5622087"
"2huGr69MDYzPXj2FVQwgV8","COL312","","2012","C","USD","606288.494962"
"gCNiuc7veE2jEox5tsu9iF","COL313","","2011","C","USD","869700.0"
"9ihqoEpijcpwfNz3PymhjR","COL314","","2013","C","USD","690818.974247"
"Gkvh7v6amQoXpHgMrXwwTH","COL315","","2012","C","USD","3927374.86615"
"3mWgg3jD6vWqiN9wXwUzJD","COL316","","2013","C","USD","263856.807733"
"ZCcvhUUVFqybfpxaiXad7N","COL317","","2012","C","USD","91502.4342409"
"ufUVsDHjQikzgbtQZn4nKR","COL318","","2012","C","USD","1472765.57481"
"itZApgKLBpFdx6Qw6PWnNH","COL319","","2012","C","USD","45419.6681343"
"wywvc2N4Z52ntqksqPwsYD","COL320","","2012","C","USD","3939982.72132"
"qSeCJs4vLKYMQwzNNGiocm","COL321","","2013","C","USD","202957.24059"
"2U92xUYrS9rhtdzVXTNHYm","COL322","","2012","C","USD","566372.62051"
"H87R3aNaKCAhubdnNAWtDm","COL323","","2013","C","USD","122780.402435"
"bmAccFEgQmmBmwzrxUUBo","COL324","","2013","C","USD","144545.962889"
"vAtJAZ4GbA5e2kwSkuifZZ","COL325","","2012","C","USD","2626654.82026"
"jkVakqsUtd668U3nzAdmBo","COL326","","2012","C","USD","326463.035749"
"SBvaLDymybcMnsEmAcdV6e","COL327","","2013","C","USD","288481.473699"
"L6Mh2uQxtySuyxYwQ5w5qX","COL328","","2012","C","USD","29455.3114962"
"c5DjVmj6sLWznngSo7vTgQ","COL329","","2012","C","USD","173472.147838"
"9uPtAJHU5e4LXKpjJHBqcK","COL330","","2012","C","USD","255902.83706"
"hWtYBZbyGWQtjrSSDnnwcK","COL331","","2012","C","USD","3939982.72132"
"7qwgxvfY9cdJ8uk8rsEmuB","COL332","","2012","C","USD","140042.332977"
"yug3taMvvPbtMaRrLYoDdh","COL333","","2013","C","USD","309874.152257"
"iC8aW75upb4qw5EMBHyyXb","COL334","","2012","C","USD","64944.0526304"
"WmhJp9JVUHxBfcPSqbgFy5","COL335","","2010","C","USD","786414.539714"
"SjnzcD2BtqNeECQ5LqxHsP","COL336","","2008","C","USD","156597.870751"
"PK3oVb5eXfHNJdN7yKRbCY","COL337","","2012","C","USD","196368.743308"
"ya49VKXdZuiYoNcHX9aECn","COL338","","2012","C","USD","275905.939097"
"ioJhfBTrXNaFgChA8zzx5K","COL339","","2013","C","USD","619748.304513"
"LQc8SyxqMD4Q2oHLXb3jJb","COL340","","2012","C","USD","387018.246967"
"zc3zwrEBSmzwjnpm2VuYP8","COL341","","2010","C","USD","295267.172442"
"a2EpraGHGEraFgNd7wXcGQ","COL342","","2008","C","USD","1952253.45537"
"gJqDF8sBhESkT8ktmX4xr5","COL343","","2008","C","USD","1012666.23086"
"toFTuQWFXFZFmtULsX2aGP","COL344","","2009","C","USD","155244.709648"
"CbEtAqgxyM9tQvjJgiqqYi","COL345","","2010","C","USD","1412974.49381"
"iTuxL6DAQZvd6nCBEdV3y7","COL346","","2010","C","USD","153197.637607"
"SFmQ4NdZ3jzGqxDJDDom2E","COL347","","2010","C","USD","3063952.75213"
"zg9EjQuj6SixBje3Q9YjKY","COL348","","2012","C","USD","29455.3114962"
"eNL5akBJaq2KjXXBKQ6g6Q","COL349","","2012","C","USD","294553.114962"
"qRo3iNtawB8yaipgpVCVRi","COL350","","2012","C","USD","1963687.43308"
"9gBcyvkZrK63FabRLAEAj","COL351","","2010","C","USD","132464.890651"
"MVfPBQQfTdKGzsQ7xPguLT","COL352","","2012","C","USD","147276.557481"
"63kbPh4UsokFLYakQWjWiD","COL353","","2011","C","USD","304633.0"
"gAEgv9SR3srLHwRApoQ8Hj","COL354","","2012","C","USD","31092.0449716"
"5X9DuTRiZGJNBiR2LsYFyF","COL355","","2007","C","USD","1019332.33348"
"6aztEpPLxNrbRBDovEauoQ","COL356","","2008","C","USD","1482747.98319"
"AYyYFayvZDhapG6Us89ppG","COL357","","2012","C","USD","441829.672442"
"BZ9jtzkTp7F6uRLppF9W27","COL358","","2009","C","USD","181566.967652"
"RQmch5FRavYrc2op4A3sCA","COL359","","2012","C","USD","193668.673087"
"ChQZoAFdxKaeXFEbtNC5CM","COL360","","2013","C","USD","371848.982708"
"iFcFTXF6Y4sq5xshY9G8Xj","COL361","","2012","C","USD","370821.753019"
"tg2FJ42wqbJdCkoe7ta5aH","COL362","","2011","C","USD","166574.0"
"BdXcuNf446wpFNBp6yhzK","COL363","","2010","C","USD","713109.470119"
"m83wRypn4mu7NjDQUtWYD4","COL364","","2012","C","USD","183720.141629"
"oiEgJvBMahWRXKgWHGBL7g","COL365","","2010","C","USD","202731.540433"
"J6wqHhcN6Wk9ZB4MQZ8bMf","COL366","","2013","C","USD","1032913.84086"
"h9zqzVaCTjDyMoRPyBNTSi","COL367","","2009","C","USD","51748.2365495"
"W9jvYewVR3nyDuhczcWbxR","COL368","","2009","C","USD","286212.251602"
"mtJa8shEDGa2VBea6JWWE4","COL369","","2012","C","USD","394668.773206"
"BgFBhqX9ZCHEwhGmjbk2B7","COL370","","2013","C","USD","39820.0370742"
"GE9iWUJKQetGVS24MdD4eg","COL371","","2011","C","USD","281040.0"
"tMuvEBD7d2sbTwnpbXGKvC","COL372","","2008","C","USD","227337.304913"
"2ufsqsgvQDsGv6cVsAHKjn","COL373","","2012","C","USD","490921.858269"
"Nq9Wvfd8HXMUcaBEzMvEKB","COL374","","2012","C","USD","514382.032032"
"kyBvy5ep2iyvK7huGqoB3M","COL375","","2011","C","USD","1000000.0"
"oWRdXGJHruF4RFJRrXwwDU","COL376","","2012","C","USD","292399.931691"
"pmkDn4zzMHG6pmaET7jdze","COL377","","2011","C","USD","166500.0"
"eRJHoRkCwV7QAUJdwuZtYi","COL378","","2010","C","USD","480019.264501"
"VoX9uSirj65Nm3kPaysp8T","COL379","","2011","C","USD","43333.25"
"X3Fgu4HQfQwGy2DK4xSH97","COL380","","2012","C","USD","55722.5764447"
"NcmjmyAmfUQqrZtTiJyasU","COL381","","2012","C","USD","201822.885153"
"y6Z53NjMVeu9hnEZLbCpd","COL382","","2012","C","USD","207957.444694"
"i8Fu2Jt9n6JFhrAay7qp3a","COL383","","2012","C","USD","24546.0929135"
"Vhg7RVATKCdD57YwcYbEVX","COL384","","2011","C","USD","1900000.0"
"m5eEgJVmf3PwPJGiWLsR8n","COL385","","2011","C","USD","112735.0"
"m4SUNM5cb55wiKpM9wuxL8","COL386","","2011","C","USD","2000000.0"
"qxNgTiASoXNgEFScCTjggi","COL387","","2012","C","USD","337659.981492"
"ZKHjQQHFg7gLzzqQwA6e9d","COL388","","2012","C","USD","94256.9967877"
"8yFPoL5RVqCVMsuf93amvH","COL389","","2009","C","USD","537711.216896"
"RSbqUcUU5n8rHusFPoC74T","COL390","","2013","C","USD","15624.8876706"
"3NMk9WYp39TqxgZW2JofjY","COL391","","2010","C","USD","4871684.87589"
"rTodew2Sae5zEj8jTJijQX","COL392","","2012","C","USD","91311.4656381"
"dU4xAAmzKP9bBzuZCKej65","COL393","","2010","C","USD","7379563.73337"
"ygv7hnrpWru5kb97biq8WN","COL394","","2010","C","USD","2104082.4852"
"zd87G9JMrqZzh6QAHHtF4k","COL395","","2012","C","USD","3035727.73171"
"67RAvGMq3dupCVBEocuiKd","COL396","","2010","C","USD","1196924.97208"
"5B3kfKnxTpXfNciMavjPji","COL397","","2012","C","USD","422386.221324"
"B2z8ampMW5VubyP6nX8mvA","COL398","","2012","C","USD","361917.412353"
"tbG9SMBQrFvVweRMhRh4uG","COL399","","2012","C","USD","77447.8323606"
"LNdaM36hyHSyGEJVAXQNhn","COL400","","2012","C","USD","460119.457194"
"eigA8mjSoraviN6LBRG5UG","COL401","","2012","C","USD","157094.994646"
"pYpeo2HLgGGhC5rY9tHc6F","COL402","","2012","C","USD","3927374.86615"
"GSuwahSGHFBSgziNNMZRzX","COL403","","2010","C","USD","595768.587288"
"uVP6vGQB6S4EgWU45gNfg3","COL404","","2012","C","USD","145018.316933"
"j7VWNGQUmeSVjUfZewryX4","COL405","","2010","C","USD","614450.528535"
"c32RSaKYhvPmKWUuRTSX35","COL406","","2010","C","USD","2553293.96011"
"uqNxTM6uYaqgzKLjjwZkBK","COL407","","2011","C","USD","243681.75"
"wks3hz3xeyaDpynFN3dSQi","COL408","","2010","C","USD","685256.434002"
"u5Jd45VsRD5wDquRPrWxWL","COL409","","2012","C","USD","270596.128278"
"fddFthkpQNkfQCfShsVyNK","COL410","","2010","C","USD","919185.82564"
"T44UAQfCeFyZEDXjVTR7B4","COL411","","2012","C","USD","490921.858269"
"9EJBdWWucK22FS68uWdKeb","COL412","","2012","C","USD","1173303.24126"
"CBZyirLhcx335ye3AAohrF","COL413","","2012","C","USD","4448488.41871"
"BDHxXWyQgTci3KLk2oCxjN","COL414","","2010","C","USD","250222.808091"
"buwsjnkV52DhZEnziCXgNF","COL415","","2013","C","USD","27543.6804803"
"zGPyRkJ4LS8VVuanhysgvD","COL416","","2012","C","USD","419808.881568"
"DXuUrsT4aF5t4ZnWpivJuG","COL417","","2012","C","USD","40652.2572396"
"9wcA64WwtFuBkoi9EnRbR8","COL418","","2012","C","USD","1541685.89812"
"YgJSAbSoQhEuACa7yaxvfe","COL419","","2009","C","USD","3104894.19297"
"uYqrHQQfce9t3JmXYUbhGT","COL420","","2011","C","USD","1212500.0"
"eApsC5uK9DFjsVNrot4mVT","COL421","","2012","C","USD","244970.007276"
"zocZKyZrctVjQHUFVX6KRA","COL422","","2010","C","USD","302925.85938"
"V7d3MnYov3V4HZB2MhtX7T","COL423","","2008","C","USD","197741.351327"
"ZfDhwPzz3vwSbdR2zkb4b5","COL424","","2013","C","USD","156005.10904"
"qLRaTp24LZ6ekB6FvF67P5","COL425","","2011","C","USD","25000.0"
"XLkpGsvFcYyZcLSy3RKYW9","COL426","","2012","C","USD","12341.7755169"
"Eoibuz33Z8LjmJ4GNRRSB4","COL427","","2013","C","USD","121368.409214"
"z7x8qW7a9Su3eJpyVipdcA","COL428","","2009","C","USD","30998.694392"
"8icTfiyjXtztLpJyr6QucU","COL429","","2012","C","USD","269.51610019"
"kWwx4SdZzENxLP7peGKXaZ","COL430","","2012","C","USD","539.03220038"
"SRmtXwK5bjfiu88HvaT8BW","COL431","","2009","C","USD","51748.2365495"
"hdkQvYD9Uj9kro9r7oGzNR","COL432","","2012","C","USD","35713.5833454"
"wBjQomY64qxRGE75TzCEJW","COL433","","2012","C","USD","3003718.30107"
"dPnPLp2CBxaAxZ7EvoiVqf","COL434","","2013","C","USD","309874.152257"
"VLcYaE8WkXweF7CDz4HZbT","COL435","","2013","C","USD","32736.1383582"
"U5KZATbmuLctLtwyjpXo37","COL436","","2012","C","USD","12821.8970943"
"6spiiggc9XZLjQDnLAKptH","COL437","","2013","C","USD","361402.092122"
"Afbou22AgZTyFjRkdBtYwN","COL438","","2013","C","USD","630077.442922"
"xcMBnUNyMGxDwyygoc73yd","COL439","","2013","C","USD","80567.2795867"
"QpTzCb2P7yjDwbqdVNSFWg","COL440","","2013","C","USD","516456.920428"
"vJ4ht3hn8nQxVW2XML94aP","COL441","","2013","C","USD","66209.7771988"
"KaoWcX4xKvZwkPs2iZwQrZ","COL442","","2012","C","USD","213975.164833"
"if56aaTUDiotJS7gyCgvDA","COL443","","2012","C","USD","98184.3716538"
"QxmgfFswwjqa3rgYKw2QXQ","COL444","","2013","C","USD","124982.574744"
"EnSLJFeW6rTMXEHdcSUYhn","COL445","","2013","C","USD","309874.152257"
"zBgPR2r8JNGhrh8XX62R4F","COL446","","2013","C","USD","183756.405202"
"7mfdcMLkKvoyCXEXUYuWmh","COL447","","2011","C","USD","180000.0"
"2KdiatUZTYrEhrffBsCgA3","COL448","","2012","C","USD","19636.8743308"
"QjuD8qenucoHqDR79ySwHT","COL449","","2012","C","USD","321362.357642"
"j7EPL8jTu2DcAXqWNkyLae","COL450","","2013","C","USD","131414.188369"
"wRYZimYAGkkxLddSBw99MC","COL451","","2012","C","USD","94865.7398919"
"N8tX6f7GdTXfDEiNeupwh7","COL452","","2012","C","USD","97883.9274766"
"yoLMz7LaNBXDFHMXRhxdSE","COL453","","2010","C","USD","413633.621538"
"DPpPmcLoSZbScYpfitMKCc","COL454","","2010","C","USD","4218908.72073"
"V6cuk6SrhGrR7GNtA9fmhB","COL455","","2013","C","USD","124466.117823"
"Kmfd4gBoCRF4gHvXfUPvPd","COL456","","2012","C","USD","336006.556674"
"Tx5aNx9S9F54gLxSyYui8d","COL457","","2012","C","USD","245460.929135"
"58jLe2ua2Ch3S7nUxbJ3n6","COL458","","2012","C","USD","181151.147545"
"9mR3QjGrnWA9F6GXcTFoc3","COL459","","2012","C","USD","100758.765879"
"hBwtqn3RYdmPNEbu3AT4iP","COL460","","2012","C","USD","27272.6729143"
"ZzmCNNqPyJBWcYbf599aQb","COL461","","2012","C","USD","147276.557481"
"rGwa4YG3aHKMpeps8BL6ce","COL462","","2013","C","USD","77468.5380642"
"t3qMXeGzubWsQJsJynMgHR","COL463","","2013","C","USD","309874.152257"
"LpaPhKg9sf9NGj6U3wLtrW","COL464","","2012","C","USD","110527.619936"
"hp8jUssSKrqWbqiEsG8R3g","COL465","","2011","C","USD","464571.0"
"z7bh24zigACUpc68hEFRb8","COL466","","2013","C","USD","29511.8255"
"VHAUfPszsyQdixAA6ANoGN","COL467","","2013","C","USD","53711.5197245"
"yueEEgaKz5j8GLeEvN3L9C","COL468","","2012","C","USD","88200.0029004"
"p9dW353v4yh3P8VxxXXP4W","COL469","","2013","C","USD","136896.719441"
"kQkRXS7EBrD5Xj49RE3ZzM","COL470","","2012","C","USD","34364.5300788"
"k9p3QxMdrXKs8rqwXdkC3L","COL471","","2013","C","USD","110176.787749"
"BxbhxBX48LaoUsEW4KJJj6","COL472","","2013","C","USD","33827.928288"
"xcnaFAh6rLYnS8zpsFTL5W","COL473","","2012","C","USD","42464.7407403"
"CmA7umsuteccYbCFdVfTan","COL474","","2012","C","USD","8988.77922491"
"HpSEo5vhbkqNGcmBNBYqyB","COL475","","2012","C","USD","429556.625986"
"xPL5HPTfLJzgPXhMDQncUG","COL476","","2012","C","USD","147276.557481"
"MQJGKMston8A98iJyTbyTF","COL477","","2012","C","USD","39273.7486615"
"LnStSfZBa57An4A58cZAzF","COL478","","2012","C","USD","196368.743308"
"3Uokcp9iggwnNbY84hwjTP","COL479","","2013","C","USD","9037.99610748"
"JDyyBekwEGQqDJYauki3hA","COL480","","2012","C","USD","255279.3663"
"uHF2jV7mjcDewpkiubcu97","COL481","","2012","C","USD","222380.72889"
"5dwwM85D645uTWxyRPemGV","COL482","","2013","C","USD","113620.522494"
"iP7aFH5LsjqnWLZykTLaq9","COL483","","2013","C","USD","206582.768171"
"ib85Ar9hxKBUfP2L3gsRbC","COL484","","2012","C","USD","18597.101835"
"yHU8NV6zGXreTd2TrC5Pe8","COL485","","2012","C","USD","116326.879848"
"NAVzFYC6vLpsMVn6bQz6wa","COL486","","2012","C","USD","143594.643544"
"aU789aQhrnL5yCHjaCj6QJ","COL487","","2012","C","USD","368191.393702"
"yrTnxgWJBCFX7XTdjUvCBR","COL488","","2012","C","USD","34364.5300788"
"CPEpctpvt3kGZwLbggfBJk","COL489","","2013","C","USD","258228.460214"
"zRZRTKNvQwMjW2UnRoAZaX","COL490","","2011","C","USD","71428.57"
"4C34vFVBVgboW4eVTEat3f","COL491","","2012","C","USD","272514.6509"
"YaSwDfw3daKfL8sXq5f4Pd","COL492","","2012","C","USD","603833.885671"
"zW7Uz7rV7aCg4in43f9h7R","COL493","","2013","C","USD","206582.768171"
"2kamKPeRTP6VQvEwEykPGf","COL494","","2013","C","USD","149772.506924"
"LY2jBC7RW2WE8shT5MpzrV","COL495","","2012","C","USD","24000.5118155"
"TsxbCSTHBXjULDVWT8xs5A","COL496","","2012","C","USD","196368.743308"
"hh8kiPnDdKPsBk5tT9Kwmi","COL497","","2012","C","USD","392737.486615"
"pbKoeFiHRmaXeNcv6RFAn7","COL498","","2013","C","USD","145307.22039"
"Jdza3QS22B8kqxZrEi3wSW","COL499","","2012","C","USD","136464.494474"
"A8bLM2bamdPQLUmLY4ZYDR","COL500","","2011","C","USD","721923.0"
"Rnbe65iez8yYYAuDgSSoQX","COL501","","2012","C","USD","52462.8553058"
"B3FgixxnXd6pUp8jbSkF5L","COL502","","2013","C","USD","38734.2690321"
"fwqTYh3asYRwKAGunbMmwf","COL503","","2013","C","USD","71903.972975"
"EzjzzXUSf29YBHPwiCbc9X","COL504","","2012","C","USD","253397.662817"
"QTmA4smpXBoef2dfF5hqrT","COL505","","2013","C","USD","25721.9613265"
"yjBx3Q6xRcDsucwmYGqwVR","COL506","","2013","C","USD","41356.837274"
"PL4tose3XbQsAVj8E8DYYW","COL507","","2012","C","USD","178695.55641"
"FNUrygPRdcdqeAvfppG6T9","COL508","","2013","C","USD","118515.501186"
"UTUsBjEebUtmTGTgESNvbD","COL509","","2013","C","USD","211683.296717"
"s2nS8f5NyryCT9YnVx4N96","COL510","","2013","C","USD","99650.3627965"
"kH9Zeea2mPnZPYoYDmHDi7","COL511","","2013","C","USD","69291.2174146"
"VH7BDsVEbkxFVAqsAvuN6","COL512","","2013","C","USD","50696.7850846"
"noTVN3zreEdkKVbDrQARuA","COL513","","2013","C","USD","25822.8460214"
"w7s38ERbj3UjxsEXtSf79G","COL514","","2013","C","USD","3907.51305996"
"c7MvSm7P78DL4U7EdfLTAJ","COL515","","2010","C","USD","6680728.88209"
"wMLcqJ2ve9Fsu6XuNjr79V","COL516","","2011","C","USD","810000.0"
"L7wbVbMkdxoJfxAfL48Ha8","COL517","","2011","C","USD","100000.0"
"icuX3C9F8YM64XzR5Dt4FD","COL518","","2011","C","USD","128959.5"
"LL44igWSaJ22TGT5cvPDdC","COL519","","2013","C","USD","14233.0362701"
"Vkcn5T56Q3E7jh5VzBoN3B","COL520","","2012","C","USD","34364.5300788"
"aasShA6DNFDs4xntTThbPW","COL521","","2013","C","USD","35340.8062033"
"46QwVMeb2pjsxiWmQNuobU","COL522","","2011","C","USD","162680.0"
"Gj4mv5CFXTQgCsY89AsqGY","COL523","","2012","C","USD","206776.286703"
"QAYmxAA4CUudiErC5ePdpJ","COL524","","2013","C","USD","148467.936743"
"qhZaYkUNmFJ8CPKsoxNAbE","COL525","","2012","C","USD","33598.6919799"
"UrPxMvCNFMRbRaeM2d3Yx","COL526","","2013","C","USD","37860.0830611"
"p5ghaytx68hxfG5xKxybuE","COL527","","2013","C","USD","27498.2322713"
"PrJTByv4DLK5oqcVEGzZp7","COL528","","2013","C","USD","6648.86639359"
"5n5AMoqtCJHWEkZYU2fYNM","COL529","","2012","C","USD","98184.3716538"
"JjARNAyXw76tFJsBPEzPsb","COL530","","2013","C","USD","30987.4152257"
"arAFNyX7eZL9myapaShY4Q","COL531","","2013","C","USD","12911.4230107"
"KnsqHgp8ccr6dUYq2mBa76","COL532","","2012","C","USD","2052691.56598"
"YPoA5duK8VxSSb9ZKdLUrU","COL533","","2012","C","USD","1037379.25176"
"QgjdYfc6pKKFhpMqkCbj8Q","COL534","","2013","C","USD","48774.7080221"
"zPkbigZoDHdqbuDVLJ8zzP","COL535","","2012","C","USD","179677.400127"
"hfckPXRAFUEYo9ALjGyWU","COL536","","2012","C","USD","490921.858269"
"L495VpYzc4C3QdBjg5wh4b","COL537","","2013","C","USD","47958.644113"
"ypQ939A9J86AiJotcQvxsG","COL538","","2011","C","USD","232217.0"
"5rA3Tvu76ApccxC9UBv64Z","COL539","","2012","C","USD","2960.25880536"
"xF9ddtKTmYAT4ULuNqDpR","COL540","","2011","C","USD","477121.0"
"46PD4JHUZ4WudBicRvBtYb","COL541","","2012","C","USD","83456.7159058"
"4kDsC3V5hRkCNuWEiiENbe","COL542","","2013","C","USD","75534.2003144"
"4dh8eCyBsrPyUkNU8avQFb","COL543","","2012","C","USD","7363.82787404"
"UBVyQpDtJEhzAEuiFG5B4E","COL544","","2013","C","USD","154937.076128"
"aefDQ3fYQemKnLowhLarcQ","COL545","","2012","C","USD","409909.442296"
"v8doD5M23s4JWJmj25mVJ","COL546","","2012","C","USD","49637.433098"
"D6qZXpPHgAGV93hBYSm896","COL547","","2012","C","USD","143918.65197"
"sJaHPKzeu5o3dh5bnrHkUa","COL548","","2013","C","USD","154937.076128"
"s4fMsWd2qxLpwEangqrbDh","COL549","","2012","C","USD","196368.743308"
"PddPy3CBVBrKKrrjEQGmS6","COL550","","2013","C","USD","64361.8943375"
"c5ipXAZ7qbZJSG3DSkxZy4","COL551","","2012","C","USD","127639.68315"
"hH9Mgp8NwpsWrzvf7BFMCE","COL552","","2012","C","USD","510558.7326"
"Q6k2jMDAWTm2gxzYVAohwQ","COL553","","2012","C","USD","85518.5877105"
"MSNYUJ7qavtDqHPVmpd6c","COL554","","2012","C","USD","36792.6295898"
"UN3ZYgT4RuzSr4iPrn2mNm","COL555","","2012","C","USD","41271.8006247"
"befjKr3pJfGJvnZ2qAw3BX","COL556","","2012","C","USD","307707.857076"
"CapsnxZVCaWQtAnxiUdmVJ","COL557","","2012","C","USD","87162.194092"
"naPCr7GhRCERSWMwzPS3QQ","COL558","","2013","C","USD","145780.635791"
"w8Gy6DB8iRwEW3rxectZhb","COL559","","2012","C","USD","514359.449627"
"KLPBrdQgho5nbkWxKiX8UU","COL560","","2012","C","USD","130192.476813"
"KsDKimSXkt3YoyBstveLAE","COL562","","2013","C","USD","12394.9660903"
"Ge4y6t4G8BjpGSsftSFWR9","COL563","","2012","C","USD","70692.7475908"
"nzTm6hTq3GuYfn323Sq6e5","COL564","","2013","C","USD","1863.55216426"
"nTrNpQeAPDfSjdvb9i5ojc","COL566","","2012","C","USD","84675.183958"
"yPD6APwW5kRZuawDqo7ntF","COL567","","2011","C","USD","130765.0"
"QCPjosLDv3X4ykVLYPC9fB","COL568","","2011","C","USD","192557.0"
"RpHsfP8rfhFgUsZjBR5RDP","COL569","","2011","C","USD","250013.33"
"pn2a7PxdQnhKYBPvkEmDf7","COL570","","2012","C","USD","259297.070788"
"yf4vd33zTwjhZDRR8LRfVQ","COL571","","2012","C","USD","350896.216635"
"vRfJ3V6hP2dqBsyYdisTiV","COL572","","2012","C","USD","17018.6211472"
"4FMytRA23a8gk8MQfFTaJg","COL573","","2011","C","USD","88530.5"
"UuoJijJJD2WuKyqx3CqAPV","COL574","","2011","C","USD","16283.38"
"QuepD6bQFZ5yudWTAyBv5W","COL575","","2012","C","USD","206187.180473"
"gyMAtiV73TjYT5ie8RG3aW","COL576","","2012","C","USD","90552.5004452"
"b78Tcq6KEf3niQEidJPdaZ","COL577","","2013","C","USD","688792.397291"
"N4bXprt5G2hp6PaegPbjPf","COL628","","2013","C","USD","345409.487124"
"gkBfmNCdHXBiPyprcMk5UH","COL631","","2011","C","USD","390000.0"
"kVEPnusmpx7x9XFYQmHNLZ","COL632","","2012","C","USD","685581.211666"
"kWpuxhSDmLNFARTDCuNJAL","COL633","","2012","C","USD","428826.13426"
"ArEcC9maJPeD4vFB9td56U","COL634","","2012","C","USD","476194.202521"
"HSrEnBkMGc5pP8xv26WNzT","COL635","","2011","C","USD","695500.0"
"rj2xnBbCCHxN2GC7xppJaR","COL636","","2011","C","USD","1600000.0"
"BmDgVzTccUsWjLL9jwUfAf","COL637","","2011","C","USD","148899.0"
"vwHLkBLWbfQpsCtLX2voxR","COL638","","2013","C","USD","223798.002295"
"EaztQpgUYr3TUTr6UML6HB","COL639","","2013","C","USD","471318.585582"
"rhbaNSYxC8LzLc43PmjMyg","COL640","","2013","C","USD","471318.585582"
"FTeuB67PZfSYucWsEweF9A","COL641","","2012","C","USD","24980.9122218"
"rvUTD3w6RJCwjhrmGGzmuc","COL642","","2009","C","USD","1493517.23967"
"RTaypgxzbjp2uxCZnkyLrN","COL643","","2012","C","USD","452171.432309"
"x4d8aWSnGrvbBqhwoCgCZM","COL644","","2012","C","USD","355580.593007"
"kuLLW8KZ7xjb4gT33w5FFE","COL645","","2012","C","USD","67939.6578096"
"x9sjRNxF7uedKpXdfHEc4b","COL646","","2012","C","USD","395683.017765"
"CR5K5r2kptWrHDBZcR6M2o","COL647","","2013","C","USD","185924.491354"
"avp559wi7b445nQd7gEbi7","COL648","","2012","C","USD","875647.500158"
"fnS6MpZvy8U2yAwezggDEW","COL649","","2011","C","USD","108095.0"
"dDHUFQFavbiVUYFxRgeCUg","COL650","","2011","C","USD","108290.0"
"ghPGf3zHu3b4DQnPXvBxMe","COL651","","2011","C","USD","108153.0"
"Dk3osajNu55BcjLGjATqRg","COL652","","2007","C","USD","12805682.5814"
"bDzRBpFDNF4Bx6o6cHxQsX","COL653","","2012","C","USD","981843.716538"
"gtmvEKkK2RM8DRChP4ZjbP","COL654","","2012","C","USD","363282.175119"
"puVSt5ztzqqcNtBbSVBcWD","COL655","","2012","C","USD","981843.716538"
"epHKZEtgBRJmjeW2Lnem9E","COL656","","2009","C","USD","2018181.22543"
"Ewv4FRn3PL6JSzc4R29LM","COL657","","2012","C","USD","638198.41575"
"GXwMcos7hCvC5namGggD3j","COL658","","2012","C","USD","638198.41575"
"5nN6uGBMp5vtLyc8tSM9u8","COL659","","2011","C","USD","650000.0"
"6GFK5c6MNWXWZKx5grLtYa","COL660","","2011","C","USD","390000.0"
"2ucw2Wp8Qu7KKcAxJWkSLi","COL661","","2011","C","USD","9620000.0"
"NW4YQV2U9caG6zSoUkExcm","COL662","","2013","C","USD","288699.418519"
"78v6SpxW7B7CJLgWyaFhgD","COL663","","2010","C","USD","1902837.21718"
"WBAE82JeZkyANDeroDZkPn","COL664","","2003","C","USD","2055895.45123"
"2aJqXqryQZkQE2MmufJG8Y","COL665","","2013","C","USD","2711398.83225"
"JzqHhKTDFviHQzhWxsMJUG","COL666","","2011","C","USD","799500.0"
"bnxLJ8F6qwxuFcwvEj6yMM","COL667","","2009","C","USD","9956360.71212"
"rRGjssXxavjfe5UZ3LjGZF","COL668","","2010","C","USD","867756.357378"
"FcMW7ufypULvMbxDwJBaZb","COL669","","2010","C","USD","895356.443769"
"J3i44xksV8DDF9VFStX7AY","COL670","","2010","C","USD","2157744.80903"
"bp2xdcx2FvPHct2UHZHSNZ","COL671","","2010","C","USD","1569317.78957"
"WwSBUAXRDHZSpiEY365sT5","COL672","","2009","C","USD","3686175.92434"
"kXyrGTPnExkKoxYC9z98WS","COL673","","2012","C","USD","314189.989292"
"VuX8XuJCpy9LgJU8CA5rJ9","COL674","","2013","C","USD","309874.152257"
"c7osdKG7Ridnzuus8Xp66c","COL675","","2008","C","USD","1983573.02952"
"7P3bL8eDGSrhFkuZAb42DR","COL676","","2008","C","USD","14308445.5852"
"qitsX2NtHZWYZ3kCLkLHrJ","COL677","","2007","C","USD","12469967.7397"
"4uVCgTRLtysn45HE8Dd8Wf","COL678","","2012","C","USD","392737.486615"
"CjyphRnnUYvSYk96aD62SH","COL679","","2012","C","USD","98184.3716538"
"yQs3eSQvrg9jptjKHMfEdW","COL681","","2012","C","USD","109404.881646"
"CxZhWvL9LzFSLf9JfQ3QSY","COL682","","2012","C","USD","255279.3663"
"FRWMph2UtFp4aWZaznUyRd","COL683","","2009","C","USD","3439598.68208"
"b2sfhHZMWpq8r3oNJZ2hEB","COL684","","2011","C","USD","51935.5"
"Z7nKWwz5M3QwgXLpMgaT7H","COL685","","2009","C","USD","462835.192734"
"sV7pFZm8v94ETNgbBtRSWd","COL686","","2010","C","USD","5872576.10825"
"z3aBJZnVjvYFNUN4wQuohj","COL687","","2011","C","USD","65000.0"
"BmcW2agfTRwrrgbAcmG5X9","COL688","","2011","C","USD","54166.67"
"7Sod3WexMeyyDqto4uFfb6","COL689","","2008","C","USD","441444.699712"
"8vu4rQjLU2akphGRnvu5ck","COL690","","2012","C","USD","18909.3281368"
"PwxVV25bFTUAqYrecyty8m","COL691","","2013","C","USD","10329.1384086"
"8TzMr2sERVY59dh9fEdkwg","COL692","","2013","C","USD","10329.1384086"
"oeTZgebtZcnLKaYLiZBdMH","COL693","","2009","C","USD","1092508.77003"
